first_name,last_name,state,district,gender,population,num_uninsured,num_deaths,medicaid_expansion_state,swing_left_district,freedom_caucus_member,percent_vote_2016,percent_vote_clinton,percent_vote_trump,president_vote_margin,twitter_link,facebook_link,twitter_handle,phone_number,pre_exist_prem,,Junior Senator Name,Senior Senator Name,Quotes on AHCA/Health Care (link out to page),Local stories (link out to page),Local groups (link out to page),Anecdotes (link out to page),,,
Don,Young,AK,1,M,"722,718","62,500",592,Y,Y,N,50.3,37.6,52.8,-15.2,https://twitter.com/repdonyoung,https://www.facebook.com/RepDonYoung/,repdonyoung,202-225-5765,38676,,,,,,,,5218,343000,
Robert,Aderholt,AL,4,M,682029,71200,675,N,N,N,98.5,17.4,80.4,-63.0,https://twitter.com/robert_aderholt?lang=en,https://www.facebook.com/RobertAderholt/,robert_aderholt,202-225-4876,22822,,,,,,,,,,
Mo,Brooks,AL,5,M,691438,67100,636,N,N,Y,66.7,31.3,64.7,-33.4,https://twitter.com/RepMoBrooks,https://www.facebook.com/RepMoBrooks/,RepMoBrooks,202-225-4801,22822,,,,,,,,,,
Bradley,Byrne,AL,1,M,706302,76200,722,N,N,N,96.4,34.1,63.5,-29.4,https://twitter.com/RepByrne,https://www.facebook.com/RepByrne,RepByrne,202-225-4931,22822,,,,,,,,,,
Gary,Palmer,AL,6,M,687709,56700,537,N,N,Y,74.5,26.1,70.8,-44.7,https://twitter.com/USRepGaryPalmer,https://www.facebook.com/CongressmanGaryPalmer/,USRepGaryPalmer,202-225-4921,22822,,,,,,,,,,
Martha,Roby,AL,2,F,678860,66600,631,N,Y,N,48.8,33.0,64.9,-31.9,https://twitter.com/RepMarthaRoby,https://www.facebook.com/Representative.Martha.Roby/,RepMarthaRoby,202-225-2901,22822,,,,,,,,,,
Mike,Rogers,AL,3,M,683095,69000,654,N,N,N,66.9,32.3,65.3,-33.0,https://twitter.com/repmikerogers?lang=en,https://www.facebook.com/MikeRogersforCongress/,repmikerogers,202-225-3261,22822,,,,,,,,3636,272500,
Rick,Crawford,AR,1,M,729510,48100,456,Y,N,N,76.3,30.2,65.0,-34.8,https://twitter.com/RepRickCrawford,https://www.facebook.com/RepRickCrawford/,RepRickCrawford,202-225-4076,19451,,,,,,,,,,
French,Hill,AR,2,M,739092,40500,384,Y,N,N,58.3,41.7,52.4,-10.7,https://twitter.com/RepFrenchHill,https://www.facebook.com/RepFrenchHill/,RepFrenchHill,202-225-2506,19451,,,,,,,,,,
Bruce,Westerman,AR,4,M,736183,46000,436,Y,N,N,74.9,31.3,64.2,-32.9,https://twitter.com/RepWesterman,https://www.facebook.com/RepWesterman/,RepWesterman,202-225-3772,19451,,,,,,,,,,
Steve,Womack,AR,3,M,733194,46300,439,Y,N,N,77.3,30.5,61.9,-31.4,https://twitter.com/rep_steve_womack,https://www.facebook.com/RepSteveWomack/,rep_steve_womack,202-225-4301,19451,,,,,,,,,,
Trent,Franks,AZ,8,M,715893,44000,417,Y,N,Y,68.5,37.0,58.1,-21.1,https://twitter.com/RepTrentFranks,,RepTrentFranks,202-225-4576,23443,,,,,,,,,,
Paul,Gosar,AZ,4,M,707750,47600,451,Y,N,Y,71.5,27.5,67.7,-40.2,https://twitter.com/RepGosar,,RepGosar,202-225-2315,23443,,,,,,,,,,
Martha,McSally,AZ,2,F,722918,45500,431,Y,Y,N,57,49.6,44.7,4.9,https://twitter.com/RepMcSally,https://www.facebook.com/RepMcSally/,RepMcSally,202-225-2542,23443,,,,,,,,,,
David,Schweikert,AZ,6,M,753752,43000,408,Y,N,Y,62.1,42.4,52.4,-10.0,https://twitter.com/repdavid,,repdavid,202-225-2190,23443,,,,,,,,,,
Ken,Calvert,CA,42,M,717412,43100,409,Y,N,N,58.8,41.4,53.4,-12.0,https://twitter.com/KenCalvert,,KenCalvert,202-225-1986,25998,,,,,,,,7700,280500,
Paul,Cook,CA,8,M,699443,52400,497,Y,N,N,62.3,39.6,54.7,-15.1,https://twitter.com/reppaulcook,,reppaulcook,202-225-5861,25998,,,,,,,,,,
Jeff,Denham,CA,10,M,713912,49900,473,Y,Y,N,51.7,48.5,45.5,3.0,https://twitter.com/RepJeffDenham,https://www.facebook.com/RepJeffDenham/,RepJeffDenham,202-225-4540,25998,,,,,,,,4895,290800,
Duncan,Hunter,CA,50,M,724472,46000,436,Y,N,N,63.4,39.6,54.6,-15.0,https://twitter.com/rep_hunter,,rep_hunter,202-225-5672,25998,,,,"""We're not guaranteeing health care for everyone. We're guaranteeing access to health care for everyone."" March 11, 2017 Town Hall.",,,,4895,323600,
Darrell,Issa,CA,49,M,702141,36900,350,Y,Y,N,50.3,50.7,43.2,7.5,https://twitter.com/DarrellIssa,https://www.facebook.com/darrellissa/,DarrellIssa,202-225-3906,25998,,,,,,,,4056,320600,"374,449"
Steve,Knight,CA,25,M,714313,45600,432,Y,Y,N,53.1,50.3,43.6,6.7,https://twitter.com/SteveKnight25,https://www.facebook.com/RepresentativeSteveKnight/,SteveKnight25,202-225-1956,25998,,,,,,,,4895,293300,
Doug,LaMalfa,CA,1,M,,46500,441,,,,,,,,,,,,25998,,,,,,,,,,
Kevin,McCarthy,CA,23,M,707345,48200,457,Y,N,N,69.2,36.1,58.1,-22.0,https://twitter.com/GOPLeader,,GOPLeader,202-225-2915,25998,,,,,,,,3991,272400,
Tom,McClintock,CA,4,M,711815,37000,351,Y,N,N,62.7,39.3,54.0,-14.7,https://twitter.com/repmcclintock,,repmcclintock,202-225-2511,25998,,,,,,,,,,
Devin,Nunes,CA,22,M,711709,52800,500,Y,N,N,67.6,42.6,52.1,-9.5,https://twitter.com/devinnunes,,devinnunes,202-225-2523,25998,,,,,,,,,,
Dana,Rohrabacher,CA,48,M,711992,41700,395,Y,Y,N,58.3,47.9,46.2,1.7,https://twitter.com/DanaRohrabacher,https://www.facebook.com/danarohrabacher/,DanaRohrabacher,202-225-2415,25998,,,,,,,,7700,282700,
Ed,Royce,CA,39,M,711645,41300,391,Y,Y,N,57.2,51.5,42.9,8.6,https://twitter.com/RepEdRoyce,https://www.facebook.com/EdRoyce/,RepEdRoyce,202-225-4111,25998,,,,,,,,,,
David,Valadao,CA,21,M,714164,60500,573,Y,Y,N,56.7,55.2,39.7,15.5,https://twitter.com/RepDavidValadao,https://www.facebook.com/CongressmanDavidValadao/,RepDavidValadao,202-225-4695,25998,,,,,,,,,,
Mimi,Walters,CA,45,F,721016,33700,319,Y,Y,N,58.6,49.8,44.4,5.4,https://twitter.com/RepMimiWalters,https://www.facebook.com/RepMimiWalters/,RepMimiWalters,202-225-5611,25998,,,,,,,,2679,296800,
Ken,Buck,CO,4,M,722690,37000,351,Y,N,Y,63.5,34.3,57.4,-23.1,https://twitter.com/RepKenBuck,,RepKenBuck,202-225-4676,25076,,,,,,,,3991,274300,
Doug,Lamborn,CO,5,M,733850,32600,309,Y,N,N,62.3,,,0.0,https://twitter.com/RepDLamborn,,RepDLamborn,202-225-4422,25076,,,,,,,,4895,296600,
Scott,Tipton,CO,3,M,719526,45000,427,Y,Y,N,54.6,40.0,52.0,-12.0,https://twitter.com/RepTipton,https://www.facebook.com/CongressmanScottTipton/,RepTipton,202-225-4761,25076,,,,,,,,,,
Gus,Bilirakis,FL,12,M,701580,66200,627,N,N,N,68.5,38.8,57.4,-18.6,https://twitter.com/RepGusBilirakis,,RepGusBilirakis,202-225-5755,25826,,,,,,,,,,
Vern,Buchanan,FL,16,M,702795,64000,607,N,N,N,59.8,43.0,53.7,-10.7,https://twitter.com/VernBuchanan,,VernBuchanan,202-225-5015,25826,,,,,,,,2679,326800,
Carlos,Curbelo,FL,26,M,728285,100200,950,N,Y,N,53,56.7,40.6,16.1,https://twitter.com/carloslcurbelo?lang=en,https://www.facebook.com/RepCurbelo/,carloslcurbelo,202-225-2778,25826,,,,,,,,,,
Ron,DeSantis,FL,6,M,709868,71300,676,N,N,Y,58.6,39.9,56.9,-17,https://twitter.com/RepDeSantis,,RepDeSantis,202-225-2706,25826,,,,,,,,4056,311200,
Mario,Diaz-Balart,FL,25,M,723113,94600,897,N,N,N,62.4,47.9,49.6,-1.7,https://twitter.com/MarioDB,,MarioDB,202-225-4211,25826,,,,,,,,,,
Neal,Dunn,FL,2,M,701463,66600,631,N,N,N,67.3,30.6,66.2,-35.6,https://twitter.com/drnealdunnfl2,,drnealdunnfl2,202-225-5235,25826,,,,,,,,,,
Matt,Gaetz,FL,1,M,703033,58500,555,N,N,N,69.1,28.2,67.5,-39.3,https://twitter.com/mattgaetz,,mattgaetz,202-225-4136,25826,,,,,,,,,,
Brian,Mast,FL,18,M,687695,74800,709,N,Y,N,53.6,44.1,53.3,-9.2,https://twitter.com/repbrianmast?lang=en,https://www.facebook.com/BrianMastFL/,repbrianmast,202-225-3026,25826,,,,,,,,5218,289700,
Bill,Posey,FL,8,M,699857,63900,606,N,N,N,63.1,37.7,58.4,-20.7,https://twitter.com/congbillposey,,congbillposey,202-225-3671,25826,,,,,,,,,,
Francis,Rooney,FL,19,M,696776,71400,677,N,N,N,65.9,37.5,59.6,-22.1,https://twitter.com/reprooney,,reprooney,202-225-2536,25826,,,,,,,,2679,310500,
Tom,Rooney,FL,17,M,694509,67500,640,N,N,N,61.8,35.0,62.2,-27.2,https://twitter.com/tomrooney,,tomrooney,202-225-5792,25826,,,,,,,,3991,270200,
Dennis,Ross,FL,15,M,714155,72100,683,N,Y,N,57.5,43.1,53.1,-10,https://twitter.com/AmbDennisRoss,https://www.facebook.com/dennis.ross.376/,AmbDennisRoss,202-225-1252,25826,,,,,,,,4895,322200,
John,Rutherford,FL,4,M,700499,65700,623,N,N,N,70.2,34.1,62.1,-28,https://twitter.com/reprutherfordfl,,reprutherfordfl,202-225-2501,25826,,,,,,,,,,
Daniel,Webster,FL,11,M,700956,66400,629,N,N,N,65.4,32.5,64.8,-32.3,https://twitter.com/RepWebster ‏,,RepWebster ‏,202-225-1002,25826,,,,,,,,,,
Ted,Yoho,FL,3,M,700008,67200,637,N,N,Y,56.6,40.2,56.2,-16,https://twitter.com/RepTedYoho,,RepTedYoho,202-225-5744,25826,,,,,,,,5218,323500,
Rick,Allen,GA,12,M,704537,73500,697,N,N,N,61.6,40.7,56.9,-16.2,https://twitter.com/rickallen,,rickallen,202-225-2823,21870,,,,,,,,7700,268500,
Buddy,Carter,GA,1,M,703020,65600,622,N,N,N,100,40.9,56.4,-15.5,https://twitter.com/RepBuddyCarter,,RepBuddyCarter,202-225-5831,21870,,,,,,,,4056,333500,
Doug,Collins,GA,9,M,714378,70300,666,N,N,N,100,19.3,77.8,-58.5,https://twitter.com/RepDougCollins,,RepDougCollins,202-225-9893,21870,,,,,,,,,,
Drew,Ferguson,GA,3,M,687745,60200,571,N,N,N,68.3,32.8,64.3,-31.5,https://twitter.com/repdrewferguson,,repdrewferguson,202-225-5901,21870,,,,,,,,,,
Tom,Graves,GA,14,M,694398,71200,675,N,N,N,100,22.1,75.0,-52.9,https://twitter.com/RepTomGraves,,RepTomGraves,202-225-5211,21870,,,,,,,,,,
Jody,Hice,GA,10,M,694613,61700,585,N,N,Y,100,35.8,61.3,-25.5,https://twitter.com/CongressmanHice,,CongressmanHice,202-225-4101,21870,,,,,,,,,,
Barry,Loudermilk,GA,11,M,689738,68500,649,N,N,N,67.4,35.3,60.3,-25.0,https://twitter.com/RepLoudermilk,,RepLoudermilk,202-225-2931,21870,,,,,,,,,,
Austin,Scott,GA,8,M,693640,68200,646,N,N,N,67.6,34.4,63.3,-28.9,https://twitter.com/ScottMAustin,,ScottMAustin,202-225-6531,21870,,,,,,,,8944,313600,
Rob,Woodall,GA,7,M,687296,73400,696,N,N,N,60.4,44.8,51.1,-6.3,https://twitter.com/RepRobWoodall,,RepRobWoodall,202-225-4272,21870,,,,,,,,3284,314500,
Rod,Blum,IA,1,M,763903,34900,331,Y,Y,Y,53.7,45.2,48.7,-3.5,https://twitter.com/RepRodBlum,https://www.facebook.com/congressmanrodblum/,RepRodBlum,202-225-2911,19330,,,,,,,,,,
Steve,King,IA,4,M,761467,35400,336,Y,N,N,61.2,33.5,60.9,-27.4,https://twitter.com/SteveKingIA,,SteveKingIA,202-225-4426,19330,,,,,,,,,,
David,Young,IA,3,M,770819,38800,368,Y,Y,N,53.4,45.0,48.5,-3.5,https://twitter.com/RepDavidYoung,https://www.facebook.com/RepDavidYoung/,RepDavidYoung,202-225-5476,19330,,,,,,,,3991,280300,
Raul,Labrador,ID,1,M,791876,73500,697,N,N,Y,68.2,25.4,63.7,-38.3,https://twitter.com/Raul_Labrador,,Raul_Labrador,202-225-6611,24380,,,,,,,,,,
Mike,Simpson,ID,2,M,793109,73700,699,N,N,N,62.9,29.8,54.5,-24.7,https://twitter.com/congmikesimpson,,congmikesimpson,202-225-5531,24380,,,,,,,,,,
Mike,Bost,IL,12,M,713289,37900,359,Y,Y,N,54.3,40.2,55.0,-14.8,https://twitter.com/RepBost,https://www.facebook.com/RepBost/,RepBost,202-225-5661,25379,,,,,,,,5218,318300,
Rodney,Davis,IL,13,M,712716,35600,337,Y,N,N,59.7,44.2,49.7,-5.5,https://twitter.com/RodneyDavis,,RodneyDavis,202-225-2371,25379,,,,,,,,,,
Randy,Hultgren,IL,14,M,718232,33200,315,Y,N,N,59.3,44.8,48.7,-3.9,https://twitter.com/RepHultgren,,RepHultgren,202-225-2976,25379,,,,,,,,,,
Adam,Kinzinger,IL,16,M,713840,34500,327,Y,N,N,99.9,38.3,55.5,-17.2,https://twitter.com/RepKinzinger,,RepKinzinger,202-225-3635,25379,,,,,,,,5218,307900,
Darin,LaHood,IL,18,M,707238,29900,283,Y,N,N,72.1,33.3,60.6,-27.3,https://twitter.com/replahood,,replahood,202-225-6201,25379,,,,,,,,4488,344400,
Peter,Roskam,IL,6,M,712712,30600,290,Y,Y,N,59.2,50.2,43.2,7,https://twitter.com/PeterRoskam,https://www.facebook.com/PeterRoskam/,PeterRoskam,202-225-4561,25379,,,,,,,,3991,253100,
John,Shimkus,IL,15,M,715066,37000,351,Y,N,N,100,24.5,70.7,-46.2,https://twitter.com/RepShimkus,,RepShimkus,202-225-5271,25379,,,,,,,,,,
Jim,Banks,IN,3,M,722205,34200,324,Y,N,Y,70.1,30.1,65.1,-35.0,https://twitter.com/RepJimBanks,,RepJimBanks,202-225-4436,28743,,,,,,,,,,
Susan,Brooks,IN,5,F,731702,30500,289,Y,N,N,61.5,41.3,53.1,-11.8,https://twitter.com/SusanWBrooks,,SusanWBrooks,202-225-2276,28743,,,,,,,,7700,296000,
Larry,Bucshon,IN,8,M,720783,32100,304,Y,N,N,63.7,30.9,64.6,-33.7,https://twitter.com/RepLarryBucshon,,RepLarryBucshon,202-225-4636,28743,,,,,,,,3561,338600,
Trey,Hollingsworth,IN,9,M,726570,30900,293,Y,Y,N,54.1,34.2,61.1,-26.9,https://twitter.com/reptrey,https://www.facebook.com/votetrey/,reptrey,202-225-5315,28743,,,,,,,,,,
Luke,Messer,IN,6,M,720186,33400,317,Y,N,N,69.1,27.4,67.7,-40.3,https://twitter.com/RepLukeMesser,,RepLukeMesser,202-225-3021,28743,,,,,,,,,,
Todd,Rokita,IN,4,M,729244,30800,292,Y,N,N,64.6,30.2,64.3,-34.1,https://twitter.com/ToddRokita,,ToddRokita,202-225-5037,28743,,,,,,,,4056,316200,
Jackie,Walorski,IN,2,F,717237,36600,347,Y,N,N,59.3,36.1,59.3,-23.2,https://twitter.com/RepWalorski,,RepWalorski,202-225-3915,28743,,,,,,,,,,
Ron,Estes,KS,4,M,715456,56200,533,N,N,N,52.5,33.0,60.2,-27.2,https://twitter.com/ronestesks,,ronestesks,202-225-6216,22649,,,,,,,,,,
Lynn,Jenkins,KS,2,M,714459,53500,507,N,N,N,60.9,37.4,55.8,-18.4,https://twitter.com/RepLynnJenkins,,RepLynnJenkins,202-225-6601,22649,,,,,,,,,,
Roger,Marshall,KS,1,M,718350,49100,465,N,N,N,65.9,24.3,69.3,-45,https://twitter.com/rogermarshallmd?,,rogermarshallmd,202-225-2715,22649,,,,,,,,,,
Kevin,Yoder,KS,3,M,722973,53300,505,N,Y,N,51.3,47.2,46.0,1.2,https://twitter.com/RepKevinYoder,https://www.facebook.com/CongressmanKevinYoder/,RepKevinYoder,202-225-2865,22649,,,,,,,,4088,355000,
Andy,Barr,KY,6,M,733205,42600,404,Y,N,N,61.1,27.6,67.5,-39.9,https://twitter.com/RepAndyBarr,,RepAndyBarr,202-225-4706,23377,,,,,,,,,,
James,Comer,KY,1,M,720774,43100,409,Y,N,N,72.6,23.9,72.4,-48.5,https://twitter.com/KYComer,,KYComer,202-225-3115,23377,,,,,,,,4088,292100,
Brett,Guthrie,KY,2,M,733610,38500,365,Y,N,N,100,27.6,67.5,-39.9,https://twitter.com/RepGuthrie,,RepGuthrie,202-225-3501,23377,,,,,,,,,,
Harold,Rogers,KY,5,M,723855,51300,486,Y,N,N,100,17.5,79.6,-62.1,https://twitter.com/RepHalRogers,,RepHalRogers,202-225-4601,23377,,,,,,,,,,
Ralph,Abraham,LA,5,M,765180,57600,546,Y,N,N,81.6,34.1,63.5,-29.4,https://twitter.com/repabraham,,repabraham,202-225-8490,23043,,,,,,,,Average cost increase in state by 2026 https://www.americanprogressaction.org/issues/healthcare/news/2017/03/17/166615/trumpcare-by-the-numbers/,Nonelderly with pre-existing conditions in district https://www.americanprogress.org/issues/healthcare/news/2017/04/05/430059/number-americans-pre-existing-conditions-congressional-district/,Number of registered voters
Garret,Graves,LA,6,M,763016,50700,481,Y,N,N,62.7,31.0,64.8,-33.8,https://twitter.com/repgarretgraves,,repgarretgraves,202-225-3901,23043,,,,,,,,,,
Clay,Higgins,LA,3,M,760696,53600,508,Y,N,N,56.1,29.2,67.3,-38.1,https://twitter.com/captclayhiggins,,captclayhiggins,202-225-2031,23043,,,,,,,,4088,302600,
Mike,Johnson,LA,4,M,758453,54200,514,Y,N,Y,65.2,36.6,60.6,-24.0,https://twitter.com/repmikejohnson,,repmikejohnson,202-225-2777,23043,,,,,,,,,,
Steve,Scalise,LA,1,M,759507,54400,516,Y,N,N,74.6,26.7,68.7,-42.0,https://twitter.com/SteveScalise,,SteveScalise,202-225-3015,23043,,,,,,,,,,
Andy,Harris,MD,1,M,722628,30800,292,Y,N,Y,67,33.5,61.9,-28.4,https://twitter.com/RepAndyHarrisMD,,RepAndyHarrisMD,202-225-5311,22529,,,,,,,,,,
Bruce,Poliquin,ME,2,M,660042,60500,573,N,Y,N,54.8,41.1,51.4,-10.3,https://twitter.com/RepPoliquin,https://www.facebook.com/BrucePoliquin/,RepPoliquin,202-225-6306,24956,,,,,,,,,,
Justin,Amash,MI,3,M,709467,37200,353,Y,N,Y,59.5,42.2,51.6,-9.4,https://twitter.com/justinamash,,justinamash,202-225-3831,23083,,,,,,,,4088,293200,
Jack,Bergman,MI,1,M,708797,38700,367,Y,N,N,54.9,36.6,57.9,-21.3,https://twitter.com/repjackbergman,,repjackbergman,202-225-4735,23083,,,,,,,,,,
Mike,Bishop,MI,8,M,706826,31900,302,Y,N,N,56,43.9,50.6,-6.7,https://twitter.com/repmikebishop,,repmikebishop,202-225-4872,23083,,,,,,,,3991,277000,
Bill,Huizenga,MI,2,M,709073,38000,360,Y,N,N,62.6,38.2,55.8,-17.6,https://twitter.com/rephuizenga,,rephuizenga,202-225-4401,23083,,,,,,,,,,
Paul,Mitchell,MI,10,M,701831,35400,336,Y,N,N,63.1,31.6,63.8,-32.2,https://twitter.com/reppaulmitchell,,reppaulmitchell,202-225-2106,23083,,,,,,,,2679,297400,
John,Moolenaar,MI,4,M,703259,37200,353,Y,N,N,61.6,34.7,59.5,-24.8,https://twitter.com/repmoolenaar,,repmoolenaar,202-225-3561,23083,,,,,,,,,,
Dave,Trott,MI,11,M,706645,27000,256,Y,Y,N,52.9,45.3,49.7,-4.4,https://twitter.com/repdavetrott,https://www.facebook.com/RepDaveTrott/,repdavetrott,202-225-8171,23083,,,,,,,,3561,305100,
Fred,Upton,MI,6,M,707375,38600,366,Y,N,N,58.6,42.9,51.3,-8.4,https://twitter.com/RepFredUpton,,RepFredUpton,202-225-3761,23083,,,,,,,,,,
Tim,Walberg,MI ,7,M,701436,33800,320,Y,Y,N,55.1,38.7,55.7,-17.0,https://twitter.com/RepWalberg,https://www.facebook.com/RepWalberg/,RepWalberg,202-225-6276,23083,,,,,,,,,,
Tom,Emmer,MN,6,,675415,28100,266,Y,N,N,65.6,33.2,58.9,-25.7,https://twitter.com/reptomemmer,,reptomemmer,202-225-2331,22760,,,,,,,,3991,287400,
Jason,Lewis,MN,2,M,668891,28500,270,Y,Y,N,47,45.3,46.5,-1.2,https://twitter.com/repjasonlewis,https://www.facebook.com/RepJasonLewis/,repjasonlewis,202-225-3801,22760,,,,,,,,,,
Erik,Paulsen,MN,3,M,664419,27700,263,Y,Y,N,56.7,50.8,41.4,9.4,https://twitter.com/erik_paulsen,https://www.facebook.com/CongressmanErikPaulsen/,erik_paulsen,202-225-2871,22760,,,,,,,,7700,293000,
Sam,Graves,MO,6,M,753729,54200,514,N,N,N,68,31.7,63.1,-31.4,https://twitter.com/RepSamGraves,,RepSamGraves,202-225-7041,24289,,,,,,,,,,
Vicky,Hartzler,MO,4,F,755389,62800,595,N,N,N,67.8,29.3,65.3,-36,https://twitter.com/RepHartzler,,RepHartzler,202-225-2876,24289,,,,,,,,,,
Billy,Long,MO,7,M,751514,75600,717,N,N,N,67.5,24.7,70.4,-45.7,https://twitter.com/USRepLong,,USRepLong,202-225-6536,24289,,,,,,,,,,
Blaine,Luetkemeyer,MO,3,M,762347,51000,483,N,N,N,67.8,28.1,67.1,-39,https://twitter.com/RepBlainePress,,RepBlainePress,202-225-2956,24289,,,,,,,,,,
Ann,Wagner,MO,2,F,752403,43100,409,N,N,N,58.5,42.3,52.6,-10.3,https://twitter.com/RepAnnWagner,,RepAnnWagner,202-225-1621,24289,,,,,,,,4056,291100,
Jason,Smith,MO ,8,M,747756,63700,604,N,N,N,74.4,21.0,75.4,-54.4,https://twitter.com/RepJasonSmith,,RepJasonSmith,202-225-4404,24289,,,,,,,,,,
Gregg,Harper,MS,3,M,745254,67400,639,N,N,N,66.2,36.8,61.3,-24.5,https://twitter.com/GreggHarper,,GreggHarper,202-225-5031,19658,,,,,,,,3636,304500,
Trent,Kelly,MS,1,M,740720,67800,643,N,N,N,68.7,32.4,65.4,-33.0,https://twitter.com/RepTrentKelly,,RepTrentKelly,202-225-4306,19658,,,,,,,,,,
Steven,Palazzo,MS,4,M,749289,65800,624,N,N,N,65,28.2,69.4,-41.2,https://twitter.com/CongPalazzo,,CongPalazzo,202-225-5772,19658,,,,,,,,,,
Ted,Budd,NC,13,M,,100700,955,N,Y,Y,,44.0,53.4,-9.4,https://twitter.com/reptedbudd,https://www.facebook.com/tedbuddforcongress/,reptedbudd,202-225-4531,24554,,,,,,,,2679,294700,
Virginia,Foxx,NC,5,F,726638,102000,967,N,N,N,58.4,39.8,57.4,-17.6,https://twitter.com/virginiafoxx,,virginiafoxx,202-225-2071,24554,,,,,,,,,,
George,Holding,NC,2,M,744671,95100,901,N,Y,N,56.7,43.6,53.2,-9.6,https://twitter.com/RepHolding,https://www.facebook.com/CongressmanGeorgeHolding/,RepHolding,202-225-3032,24554,,,,,,,,3284,307200,
Richard,Hudson,NC,8,M,750059,91700,869,N,N,N,58.8,41.1,56.1,-15,https://twitter.com/RepRichHudson,,RepRichHudson,202-225-3715,24554,,,,,,,,2679,305400,
Patrick,McHenry,NC,10,M,,100500,953,N,N,N,,36.4,61.0,-24.6,https://twitter.com/PatrickMcHenry,,PatrickMcHenry,202-225-2576,24554,,,,,,,,4056,296100,
Mark,Meadows,NC,11,M,,102600,973,N,N,Y,,34.0,63.2,-29.2,https://twitter.com/RepMarkMeadows,,RepMarkMeadows,202-225-6401,24554,,,,,,,,8944,280300,
David,Rouzer,NC,7,M,745559,105000,995,N,N,N,60.9,39.9,57.6,-17.7,https://twitter.com/repdavidrouzer,,repdavidrouzer,202-225-2731,24554,,,,,,,,,,
Mark,Walker,NC,6,M,749909,98900,937,N,N,N,59.2,41.4,56.1,-14.7,https://twitter.com/RepMarkWalker,,RepMarkWalker,202-225-3065,24554,,,,,,,,,,
Robert,Pittenger,NC ,9,M,750582,105800,1003,N,N,N,58.2,42.8,54.4,-11.6,https://twitter.com/reppittenger,,reppittenger,202-225-1976,24554,,,,,,,,,,
Kevin,Cramer,ND,1,M,,30100,285,Y,N,N,,27.7,64.1,-36.4,https://twitter.com/RepKevinCramer,,RepKevinCramer,202-225-2611,21479,,,,,,,,4056,289900,
Don,Bacon,NE,2,M,,55500,526,N,Y,N,,46.0,48.2,-2.2,https://twitter.com/repdonbacon,https://www.facebook.com/RepDonBacon/,repdonbacon,202-225-4155,22261,,,,,,,,,,
Jeff,Fortenberry,NE,1,M,,56200,533,N,N,N,,36.2,57.5,-21.3,https://twitter.com/JeffFortenberry,,JeffFortenberry,202-225-4806,22261,,,,,,,,,,
Adrian,Smith,NE,3,M,,63800,605,N,N,N,,20.0,74.9,-54.9,https://twitter.com/RepAdrianSmith,,RepAdrianSmith,202-225-6435,22261,,,,,,,,4488,328800,
Rodney,Frelinghuysen,NJ,11,M,,27500,261,Y,N,N,,47.9,48.8,-0.9,https://twitter.com/USRepRodney,,USRepRodney,202-225-5034,26384,,,,,,,,8944,301100,
Tom,MacArthur,NJ,3,M,,29800,282,Y,N,N,,45.2,51.4,-6.2,https://twitter.com/RepTomMacArthur,,RepTomMacArthur,202-225-4765,26384,,,,,,,,,,
Steve,Pearce,NM,2,M,,47700,452,Y,N,Y,,39.9,50.1,-10.2,https://twitter.com/RepStevePearce,,RepStevePearce,202-225-2365,23717,,,,,,,,,,
Mark,Amodei,NV,2,M,,34300,325,Y,N,N,,39.7,52.0,-12.3,https://twitter.com/markamodeinv2,,markamodeinv2,202-225-6155,23923,,,,,,,,,,
Chris,Collins,NY,27,M,,29300,278,Y,N,N,,35.2,59.7,-24.5,https://twitter.com/repchriscollins,,repchriscollins,202-225-5265,31919,,,,,,,,,,
John,Faso,NY,19,M,,35200,334,Y,Y,N,,44.0,50.8,-6.8,https://twitter.com/repjohnfaso,https://www.facebook.com/RepJohnFaso/,repjohnfaso,202-225-5614,31919,,,,,,,,,,
Peter,King,NY,2,M,,31000,294,Y,N,N,,43.9,53.0,-9.1,https://twitter.com/RepPeteKing,,RepPeteKing,202-225-7896,31919,,,,,,,,,,
Tom,Reed,NY,23,M,,40800,387,Y,N,N,,39.7,54.5,-14.8,https://twitter.com/RepTomReed,,RepTomReed,202-225-3161,31919,,,,,,,,,,
Elise,Stefanik,NY,21,F,,28400,269,Y,N,N,,40.0,53.9,-13.9,https://twitter.com/RepStefanik,,RepStefanik,202-225-4611,31919,,,,,,,,,,
Claudia,Tenney,NY,22,F,,28600,271,Y,Y,N,,39.3,54.8,-15.5,https://twitter.com/claudiatenney,https://www.facebook.com/RepClaudiaTenney/,claudiatenney,202-225-3665,31919,,,,,,,,,,
Lee,Zeldin,NY,1,M,,29900,283,Y,N,N,,42.2,54.5,-12.3,https://twitter.com/RepLeeZeldin,,RepLeeZeldin,202-225-3826,31919,,,,,,,,"19,646","326,000",
Steve,Chabot,OH,1,M,,35600,337,Y,N,N,,44.6,51.2,-6.6,https://twitter.com/RepSteveChabot,,RepSteveChabot,202-225-2216,25907,,,,,,,,,,
Warren,Davidson,OH,8,M,,31800,301,Y,N,Y,,30.6,65.1,-34.5,https://twitter.com/warrendavidson,,warrendavidson,202-225-6205,25907,,,,,,,,3991,306600,
Bob,Gibbs,OH,7,M,,30700,291,Y,N,N,,32.8,62.5,-29.7,https://twitter.com/RepBobGibbs,,RepBobGibbs,202-225-6265,25907,,,,,,,,,,
Bill,Johnson,OH,6,M,,34400,326,Y,N,N,,26.7,69.3,-42.6,https://twitter.com/repbilljohnson,,repbilljohnson,202-225-5705,25907,,,,,,,,5218,289000,
Jim,Jordan,OH,4,M,,31900,302,Y,N,Y,,30.7,64.3,-33.6,https://twitter.com/Jim_Jordan,,Jim_Jordan,202-225-2676,25907,,,,,,,,,,
Bob,Latta,OH,5,M,,28700,272,Y,N,N,,34.6,59.7,-25.1,https://twitter.com/boblatta,,boblatta,202-225-6405,25907,,,,,,,,3561,327300,
James,Renacci,OH,16,M,,23600,224,Y,N,N,,39.5,56.1,-16.6,https://twitter.com/RepJimRenacci,,RepJimRenacci,202-225-3876,25907,,,,,,,,,,
Steve,Stivers,OH,15,M,,31800,301,Y,N,N,,39.9,55.3,-15.4,https://twitter.com/RepSteveStivers,,RepSteveStivers,202-225-2015,25907,,,,,,,,,,
Pat,Tiberi,OH,12,M,,30000,284,Y,N,N,,41.9,53.2,-11.3,https://twitter.com/PatTiberi,,PatTiberi,202-225-5355,25907,,,,,,,,,,
Brad,Wenstrup,OH,2,M,,34100,323,Y,N,N,,39.7,55.8,-16.1,https://twitter.com/RepBradWenstrup,,RepBradWenstrup,202-225-3164,25907,,,,,,,,3991,247300,
Jim,Bridenstine,OK,1,M,,78600,745,N,N,Y,,32.7,61.4,-28.7,https://twitter.com/repjbridenstine?,,repjbridenstine,202-225-2211,24819,,,,,,,,,,
Tom,Cole,OK,4,M,,72600,688,N,N,N,,28.3,65.7,-37.4,https://twitter.com/tomcoleok04,,tomcoleok04,202-225-6165,24819,,,,,,,,,,
Frank,Lucas,OK,3,M,,69100,655,N,N,N,,20.9,73.6,-52.7,https://twitter.com/repfranklucas,,repfranklucas,202-225-5565,24819,,,,,,,,,,
Markwayne,Mullin,OK,2,M,,83300,790,N,N,N,,22.8,72.9,-50.1,https://twitter.com/RepMullin,,RepMullin,202-225-2701,24819,,,,,,,,,,
Steve,Russell,OK,5,M,,90800,861,N,N,N,,39.8,53.2,-13.4,https://twitter.com/RepRussell,,RepRussell,202-225-2132,24819,,,,,,,,4056,320700,
Greg,Walden,OR,2,M,,67000,635,Y,N,N,,36.4,56.5,-20.1,https://twitter.com/repgregwalden,,repgregwalden,202-225-6730,23261,,,,,,,,,,
Lou,Barletta,PA,11,M,,40000,379,Y,N,N,,36.2,60.0,-23.8,https://twitter.com/RepLouBarletta,,RepLouBarletta,202-225-6511,24802,,,,,,,,2679,302400,
Mike,Kelly,PA,3,M,,39700,376,Y,N,N,,35.0,61.1,-26.1,https://twitter.com/mikekellypa,,mikekellypa,202-225-5406,24802,,,,,,,,,,
Tom,Marino,PA,10,M,,40100,380,Y,N,N,,30.2,66.1,-35.9,https://twitter.com/RepTomMarino,,RepTomMarino,202-225-3731,24802,,,,,,,,,,
Tim,Murphy,PA,18,M,,35900,340,Y,N,N,,38.5,58.1,-19.6,https://twitter.com/RepTimMurphy,,RepTimMurphy,202-225-2301,24802,,,,,,,,,,
Scott,Perry,PA,4,M,,41900,397,Y,N,Y,,37.1,58.6,-21.5,https://twitter.com/repscottperry,,repscottperry,202-225-5836,24802,,,,,,,,,,
Keith,Rothfus,PA,12,M,,35800,339,Y,N,N,,37.9,58.7,-20.8,https://twitter.com/KeithRothfus,,KeithRothfus,202-225-2065,24802,,,,,,,,3991,292600,
Bill,Shuster,PA,9,M,,40200,381,Y,N,N,,27.2,69.7,-42.5,https://twitter.com/RepBillShuster,,RepBillShuster,202-225-2431,24802,,,,,,,,4895,284400,
Lloyd,Smucker,PA,16,M,,45200,428,Y,Y,N,,44.2,51.0,-6.8,https://twitter.com/repsmucker,https://www.facebook.com/RepSmucker/,repsmucker,202-225-2411,24802,,,,,,,,,,
Glenn,Thompson,PA,5,M,,37200,353,Y,N,N,,33.5,62.3,-28.8,https://twitter.com/CongressmanGT,,CongressmanGT,202-225-5121,24802,,,,,,,,,,
Jeff,Duncan,SC,3,M,,61400,582,N,N,Y,,29.0,67.0,-38.0,https://twitter.com/repjeffduncan,,repjeffduncan,202-225-5301,25477,,,,,,,,,,
Trey,Gowdy,SC,4,M,,68200,646,N,N,N,,34.5,60.2,-25.7,https://twitter.com/TGowdySC,,TGowdySC,202-225-6030,25477,,,,,,,,8944,273800,
Tom,Rice,SC,7,M,,78300,742,N,N,N,,39.1,58.0,-18.9,https://twitter.com/RepTomRice,,RepTomRice,202-225-9895,25477,,,,,,,,,,
Mark,Sanford,SC,1,M,,60900,577,N,N,Y,,40.4,53.5,-13.1,https://twitter.com/RepSanfordSC,,RepSanfordSC,202-225-3176,25477,,,,,,,,,,
Joe,Wilson,SC,2,M,,52400,497,N,N,N,,38.6,56.3,-17.7,https://twitter.com/RepJoeWilson,,RepJoeWilson,202-225-2452,25477,,,,,,,,,,
Kristi,Noem,SD,1,F,,66100,627,N,N,N,,31.7,61.5,-29.8,https://twitter.com/RepKristiNoem,,RepKristiNoem,202-225-2801,23649,,,,,,,,,,
Diane,Black,TN,6,F,,69500,659,N,N,N,,23.7,72.6,-48.9,https://twitter.com/RepDianeBlack,,RepDianeBlack,202-225-4231,22940,,,,,,,,,,
Marsha,Blackburn,TN,7,F,,63000,597,N,N,N,,28.2,67.5,-39.3,https://twitter.com/MarshaBlackburn,,MarshaBlackburn,202-225-2811,22940,,,,,,,,,,
Scott,DesJarlais,TN,4,M,,67300,638,N,N,Y,,27.4,68.6,-41.2,https://twitter.com/DesJarlais,,DesJarlais,202-225-6831,22940,,,,,,,,3991,273000,
John J.,Duncan,TN,2,M,,64700,613,N,N,N,,29.7,65.1,-35.4,https://twitter.com/RepJohnDuncanJr?,,RepJohnDuncanJr,202-225-5435,22940,,,,,,,,,,
Chuck,Fleischmann,TN,3,M,,68300,647,N,N,N,,30.2,65.4,-35.2,https://twitter.com/RepChuck?,,RepChuck,202-225-3271,22940,,,,,,,,4088,299400,
David,Kustoff,TN,8,M,,59200,561,N,N,N,,30.7,66.3,-35.6,https://twitter.com/davidkustoff,,davidkustoff,202-225-4714,22940,,,,,,,,4056,310900,
Phil,Roe,TN,1,M,,74600,707,N,N,N,,19.7,76.7,-57.0,https://twitter.com/DrPhilRoe,,DrPhilRoe,202-225-6356,22940,,,,,,,,7700,275700,
Jodey,Arrington,TX,19,M,,57700,547,N,N,N,,23.5,72.5,-49,https://twitter.com/RepArrington,,RepArrington,202-225-4005,28381,,,,,,,,,,
Brian,Babin,TX,36,M,,61600,584,N,N,Y,,25.2,72.0,-46.8,https://twitter.com/RepBrianBabin,,RepBrianBabin,202-225-1555,28381,,,,,,,,,,
Joe,Barton,TX,6,M,,63500,602,N,N,Y,,41.9,54.2,-12.3,https://twitter.com/repjoebarton,,repjoebarton,202-225-2002,28381,,,,,,,,3636,315300,
Kevin,Brady,TX,8,M,,58600,555,N,N,N,,23.9,72.7,-48.8,https://twitter.com/RepKevinBrady,,RepKevinBrady,202-225-4901,28381,,,,,,,,4895,291100,
Michael,Burgess,TX,26,M,,51300,486,N,N,N,,34.4,60.9,-26.5,https://twitter.com/michaelcburgess,,michaelcburgess,202-225-7772,28381,,,,,,,,,,
John,Carter,TX,31,M,,48500,460,N,N,N,,40.8,53.5,-12.7,https://twitter.com/johnfcarter,,johnfcarter,202-225-3864,28381,,,,,,,,4088,297600,
K. Michael,Conaway,TX,11,M,,56000,531,N,N,N,,19.1,77.8,-58.7,https://twitter.com/conawaytx11?,,conawaytx11,202-225-3605,28381,,,,,,,,3636,280100,
John,Culberson,TX,7,M,,62800,595,N,Y,N,,48.5,47.1,1.4,https://twitter.com/congculberson,https://www.facebook.com/johnculberson,congculberson,202-225-2571,28381,,,,,,,,3284,281100,
Blake,Farenthold,TX,27,M,,61100,579,N,N,N,,36.5,60.1,-23.6,https://twitter.com/farenthold,,farenthold,202-225-7742,28381,,,,,,,,5218,298100,
Bill,Flores,TX,17,M,,58700,556,N,N,N,,38.8,56.3,-17.5,https://twitter.com/RepBillFlores,,RepBillFlores,202-225-6105,28381,,,,,,,,,,
Louie,Gohmert,TX,1,M,,62600,593,N,N,Y,,25.3,72.2,-46.9,https://twitter.com/replouiegohmert,,replouiegohmert,202-225-3035,28381,,,,,,,,,,
Kay,Granger,TX,12,F,,57900,549,N,N,N,,32.7,62.9,-30.2,https://twitter.com/RepKayGranger,,RepKayGranger,202-225-5071,28381,,,,,,,,,,
Jeb,Hensarling,TX,5,M,,71000,673,N,N,N,,34.3,62.7,-28.4,https://twitter.com/rephensarling,,rephensarling,202-225-3484,28381,,,,,,,,,,
Sam,Johnson,TX,3,M,,48600,461,N,N,N,,40.6,54.8,-14.2,https://twitter.com/samjohnsontx03,,samjohnsontx03,202-225-4201,28381,,,,,,,,,,
Kenny,Marchant,TX,24,M,,59800,567,N,N,N,,44.5,50.7,-6.2,https://twitter.com/RepKenMarchant,,RepKenMarchant,202-225-6605,28381,,,,,,,,,,
Michael,McCaul,TX,10,M,,60200,571,N,N,N,,43.2,52.3,-9.1,https://twitter.com/RepMcCaul,,RepMcCaul,202-225-2401,28381,,,,,,,,4056,304900,
Pete,Olson,TX,22,M,,52000,493,N,N,N,,44.2,52.1,-7.9,https://twitter.com/reppeteolson,,reppeteolson,202-225-5951,28381,,,,,,,,4056,298800,
Ted,Poe,TX,2,M,,58500,555,N,N,N,,43.1,52.4,-9.3,https://twitter.com/JudgeTedPoe,,JudgeTedPoe,202-225-6565,28381,,,,,,,,,,
John,Ratcliffe,TX,4,M,,60600,574,N,N,N,,21.8,75.4,-53.6,https://twitter.com/RepRatcliffe,,RepRatcliffe,202-225-6673,28381,,,,,,,,3991,273700,
Pete,Sessions,TX,32,M,,65600,622,N,Y,N,,48.5,46.6,1.9,https://twitter.com/PeteSessions,https://www.facebook.com/petesessions/,PeteSessions,202-225-2231,28381,,,,,,,,,,
Lamar,Smith,TX,21,M,,54000,512,N,N,N,,42.5,52.5,-10,https://twitter.com/LamarSmithTX21,,LamarSmithTX21,202-225-4236,28381,,,,,,,,,,
Mac,Thornberry,TX,13,M,,54900,520,N,N,N,,16.9,79.9,-63,https://twitter.com/MacTXPress,,MacTXPress,202-225-3706,28381,,,,,,,,,,
Randy,Weber,TX,14,M,,62400,591,N,N,Y,,38.4,58.2,-19.8,https://twitter.com/TexasStateRep29,,TexasStateRep29,202-225-2831,28381,,,,,,,,4056,338400,
Roger,Williams,TX,25,M,,49200,466,N,N,N,,40.2,55.1,-14.9,https://twitter.com/RepRWilliams,,RepRWilliams,202-225-9896,28381,,,,,,,,3284,274700,
Rob,Bishop,UT,1,M,,44600,423,N,N,N,,22.4,49.7,-27.3,https://twitter.com/reprobbishop,,reprobbishop,202-225-0453,21851,,,,,,,,,,
Jason,Chaffetz,UT,3,M,,50200,476,N,N,N,,23.3,47.2,-23.9,https://twitter.com/jasoninthehouse,,jasoninthehouse,202-225-7751,21851,,,,,,,,,,
Mia,Love,UT,4,F,,55300,524,N,Y,N,,32.4,39.1,-6.7,https://twitter.com/RepMiaLove,https://www.facebook.com/repmialove/,RepMiaLove,202-225-3011,21851,,,,,,,,4088,328200,
Chris,Stewart,UT,2,M,,54900,520,N,N,N,,32.0,46.0,-14.0,https://twitter.com/RepChrisStewart,,RepChrisStewart,202-225-9730,21851,,,,,,,,,,
Dave,Brat,VA,7,M,,49600,470,N,N,Y,,44.0,50.5,-6.5,https://twitter.com/RepDaveBrat,,RepDaveBrat,202-225-2815,24667,,,,,,,,,,
Tom,Garrett,VA,5,M,,56900,539,N,N,Y,,42.3,53.4,-11.1,https://twitter.com/rep_tom_garrett,,rep_tom_garrett,202-225-4711,24667,,,,,,,,,,
Robert,Goodlatte,VA,6,M,,55600,527,N,N,N,,34.9,59.7,-24.8,https://twitter.com/RepGoodlatte,,RepGoodlatte,202-225-5431,24667,,,,,,,,,,
Morgan,Griffith,VA,9,M,,61600,584,N,N,Y,,27.3,68.8,-41.5,https://twitter.com/RepMGriffith,,RepMGriffith,202-225-3861,24667,,,,,,,,4088,285700,
Scott,Taylor,VA,2,M,,45400,430,N,Y,N,,45.4,48.8,-3.4,https://twitter.com/scotttaylorva,https://www.facebook.com/scotttaylorvirginia/,scotttaylorva,202-225-4215,24667,,,,,,,,,,
Rob,Wittman,VA,1,M,,44600,423,N,N,N,,41.2,53.6,-12.4,https://twitter.com/RobWittman,,RobWittman,202-225-4261,24667,,,,,,,,,,
Cathy,McMorris Rodgers,WA,5,F,,36200,343,Y,N,N,,39.1,52.2,-13.1,https://twitter.com/cathymcmorris,,cathymcmorris,202-225-2006,25780,,,,,,,,,,
Sean P.,Duffy,WI,7,M,,56600,536,N,N,N,,37.3,57.8,-20.5,https://twitter.com/repseanduffy,,repseanduffy,202-225-3365,29727,,,,,,,,3991,293400,
Mike,Gallagher,WI,8,M,,50600,480,N,N,N,,38.6,56.2,-17.6,https://twitter.com/repgallagher,,repgallagher,202-225-5665,29727,,,,,,,,3991,298300,
Glenn,Grothman,WI,6,M,,44200,419,N,N,N,,38.8,55.7,-16.9,https://twitter.com/RepGrothman,,RepGrothman,202-225-2476,29727,,,,,,,,,,
Paul,Ryan,WI,1,M,,48900,464,N,N,N,,42.3,52.6,-10.3,https://twitter.com/SpeakerRyan,,SpeakerRyan,202-225-3031,29727,,,,,,,,3991,303100,
Jim,Sensenbrenner,WI,5,M,,40700,386,N,N,N,,37.3,57.4,-20.1,https://twitter.com/rpsensenbrenner,,rpsensenbrenner,202-225-5101,29727,,,,,,,,4088,284600,
Evan,Jenkins,WV,3,M,,43900,416,Y,N,N,,23.3,72.5,-49.2,https://twitter.com/repevanjenkins,,repevanjenkins,202-225-3452,27985,,,,,,,,4056,307000,
David,McKinley,WV,1,M,,38500,365,Y,N,N,,26.4,68.0,-41.6,https://twitter.com/RepMcKinley,,RepMcKinley,202-225-4172,27985,,,,,,,,,,
Alex,Mooney,WV,2,M,,40400,383,Y,N,Y,,29.4,65.8,-36.4,https://twitter.com/RepAlexMooney,,RepAlexMooney,202-225-2711,27985,,,,,,,,,,
Liz,Cheney,WY,1,F,,50300,477,N,N,N,,22.5,70.1,-47.6,https://twitter.com/Liz_Cheney,,Liz_Cheney,202-225-2311,28282,,,,,,,,,,